,file_and_record_id,Contract_Number,Customer_Name,Product_and_Services_details,Products_and_Services,Contract_Term,Type_of_License,Performance_Obligations,Variable_Consideration,Payment_Schedules,Total_Contract_Value,Revenue_Start_Date,Revenue_End_Date,Standalone_Selling_Price,Allocated_Transaction_Price,Billing_Frequency_and_Amount,Contract_Modifications,Revenue_Waterfall_Data,Contract_Creation_Date,Contract_Effective_Date,Renewal_Details
0,1.2.11.2_Evertz Microsystems Enterprise OEM Agreement _29June10_.pdf_0,OF 9 V Q H E 0 P,"Evertz Microsystems, Ltd.","[{""Description"": ""FileStore 5.5"", ""Type"": ""Product"", ""Unit"": ""License"", ""Quantity"": ""NA"", ""Billing Frequency"": ""NA"", ""Price"": ""Based on Symantec's Price List with 65% discount"", ""Currency"": ""USD""}, {""Description"": ""Essential Maintenance/Support"", ""Type"": ""Service"", ""Unit"": ""NA"", ""Quantity"": ""NA"", ""Billing Frequency"": ""Annually"", ""Price"": ""Based on Symantec's Price List with 75.8% discount"", ""Currency"": ""USD""}, {""Description"": ""FileStore Training for up to seven (7) individuals"", ""Type"": ""Service"", ""Unit"": ""Training"", ""Quantity"": ""7"", ""Billing Frequency"": ""One-time"", ""Price"": ""45570.00"", ""Currency"": ""USD""}]","[{""Description"": ""FileStore 5.5"", ""Type"": ""Product"", ""Unit"": ""License"", ""Quantity"": ""NA""}, {""Description"": ""Essential Maintenance/Support"", ""Type"": ""Service"", ""Unit"": ""NA"", ""Quantity"": ""NA""}, {""Description"": ""FileStore Training for up to seven (7) individuals"", ""Type"": ""Service"", ""Unit"": ""Training"", ""Quantity"": ""7""}]",one (1) year,"[{""Description"": ""Symantec FileStore 5.5"", ""Type of license"": ""Perpetual""}, {""Description"": ""Essential Maintenance/Support for Symantec FileStore 5.5"", ""Type of license"": ""Support""}, {""Description"": ""OEM Use Licenses for Symantec Products (used for manufacturing and technical support)"", ""Type of license"": ""Perpetual""}, {""Description"": ""Limited Use Licenses for Symantec Products (used for integration planning, testing, and demonstrations)"", ""Type of license"": ""Limited Use""}, {""Description"": ""Content Updates for Symantec Products"", ""Type of license"": ""Support""}, {""Description"": ""Software Version Upgrades for Symantec Products"", ""Type of license"": ""Support""}, {""Description"": ""Symantec Maintenance/Support (7x24-level, Essential level)"", ""Type of license"": ""Support""}, {""Description"": ""Multi-Year Maintenance/Support for Symantec Products"", ""Type of license"": ""Support""}, {""Description"": ""Business Critical Services - Advanced Access"", ""Type of license"": ""Support""}]","[{""Deliverable"": ""Symantec Product Licenses"", ""Description"": ""Symantec grants the OEM non-exclusive, non-transferable licenses to distribute Symantec Products as part of the Integrated Product. The OEM is obligated to report distributions, pay license fees, and ensure compliance with license terms.""}, {""Deliverable"": ""Maintenance/Support Services"", ""Description"": ""Symantec provides Maintenance/Support services, including content updates and product upgrades, for OEM Use Licenses and End User Sublicenses. The OEM must purchase and pay for these services in advance and ensure continuous payment to access updates and support.""}, {""Deliverable"": ""Limited Use Licenses"", ""Description"": ""Symantec provides Limited Use Licenses for integration planning, testing, design activities, and internal training. These licenses cannot be used for production, technical support, or distribution purposes.""}, {""Deliverable"": ""Documentation"", ""Description"": ""Symantec provides user manuals and release notes for the Symantec Products. The OEM may incorporate unmodified portions of the documentation into its own materials, maintaining all copyright and proprietary notices.""}, {""Deliverable"": ""FileStore Training"", ""Description"": ""Symantec provides FileStore Basic and Advanced Training for OEM technical employees. The OEM must maintain at least two trained employees and pay for training sessions as specified in the agreement.""}, {""Deliverable"": ""Partner Portal Access"", ""Description"": ""Symantec provides access to the Partner Portal for obtaining License Keys, ordering media kits, and submitting periodic reports. The OEM must comply with the Partner Portal Terms of Use.""}, {""Deliverable"": ""License Keys"", ""Description"": ""Symantec provides License Keys for each Symantec Product distributed by the OEM. The OEM must obtain and distribute these keys to End Users and report their usage to Symantec.""}, {""Deliverable"": ""Media Kits"", ""Description"": ""Symantec provides media kits for archival purposes. The OEM may order these kits for End Users with valid sublicenses or manufacture them under specific terms agreed upon with Symantec.""}, {""Deliverable"": ""Rebranding Tools"", ""Description"": ""Symantec provides tools to the OEM for rebranding Symantec Products as part of the Integrated Product.""}, {""Deliverable"": ""FileStore 5.5 Software"", ""Description"": ""Symantec provides FileStore 5.5, a scalable and highly-available NAS software appliance. The OEM integrates this software into its proprietary servers and devices for media broadcast.""}]","[{""Name"": ""Symantec Products (FileStore 5.5)"", ""Variable consideration"": ""Discount Percentage Rates for Distribution Fees: 65% for License and 75.8% for Maintenance/Support during the Initial Term. Renewal discounts are subject to mutual agreement based on OEM's distribution performance and Symantec's business practices. 'Not mentioned' for other variable considerations like bonuses, penalties, rebates, usage-based fees, or refunds.""}]","[{""Amount"": 45570.0, ""For"": ""FileStore training for up to seven (7) individuals"", ""Due Date"": ""Within sixty (60) days of the Effective Date"", ""Payment Method"": """", ""Payment Type"": ""One-time fees"", ""Billing frequency"": """", ""Payment Terms"": """", ""Purchase Order Requirement"": ""No"", ""Details"": ""Payment is for FileStore Basic and Advanced Training.""}, {""Amount"": ""Varies based on licenses distributed"", ""For"": ""License fees for Symantec Products distributed to End Users"", ""Due Date"": ""With quarterly summary Periodic Report"", ""Payment Method"": """", ""Payment Type"": ""Recurring fees billed in arrears, time-based"", ""Billing frequency"": ""Quarterly"", ""Payment Terms"": ""Net 30 from the date of invoice"", ""Purchase Order Requirement"": ""No"", ""Details"": ""Fees are calculated as of each license's applicable Distribution Date.""}, {""Amount"": ""Varies based on Maintenance/Support subscriptions"", ""For"": ""Maintenance/Support fees for new or renewal subscriptions"", ""Due Date"": ""Annually in advance"", ""Payment Method"": """", ""Payment Type"": ""Recurring fees billed in advance, time-based"", ""Billing frequency"": ""Annually"", ""Payment Terms"": ""Net 30 from the date of invoice"", ""Purchase Order Requirement"": ""No"", ""Details"": ""Fees are calculated as of the Distribution Date for initial term and each anniversary for subsequent terms.""}, {""Amount"": ""Varies based on media kits and other shippable items"", ""For"": ""Media kits and other shippable items"", ""Due Date"": ""Net 30 from the date of invoice"", ""Payment Method"": """", ""Payment Type"": ""One-time fees"", ""Billing frequency"": """", ""Payment Terms"": ""Net 30 from the date of invoice"", ""Purchase Order Requirement"": ""No"", ""Details"": ""Symantec may invoice upon the date of shipment.""}]",$45570.00 USD,29-Jun-10,,"The document outlines the terms of the Enterprise OEM Agreement between Symantec and Evertz Microsystems, Ltd. It includes definitions of key terms, rights granted to the OEM, obligations regarding support and maintenance, pricing and payment structures, and conditions for the use of Symantec products. 

Specifically, it states that the OEM must not sell Symantec products on a standalone basis but rather as part of integrated products. The OEM is responsible for providing technical support to end users and must pay license fees and maintenance/support fees based on the distribution of Symantec products. The agreement also includes provisions for reporting, taxes, and indemnification related to intellectual property claims.

If you have specific questions about any section or need clarification on particular terms, feel free to ask!",,,"The document does not explicitly mention any specific contract modifications or amendments, their effective dates, or the nature of such changes (e.g., scope increase, price change, or termination). However, it does state in Section 13.5 that any modifications to the agreement must be made in writing and signed by authorized representatives of both parties to be valid. Additionally, the agreement allows for updates to the Price List with 30 days' prior written notice (Section 6.1(c)) and mentions that renewal terms, including discount rates, are subject to mutual agreement based on performance and business practices (Exhibit A, Section 4).

If there were any modifications or amendments, they would need to comply with these provisions. The document does not provide details of any such changes.",,null,"[
  {
    ""Contract Effective Date"": ""June 29, 2010"",
    ""Contract Signing Date"": ""June 29, 2010""
  }
]","The renewal details are as follows:

- The initial term of the agreement is one (1) year from the Effective Date (June 29, 2010).
- The agreement automatically renews on an annual basis unless terminated earlier as per the terms outlined in the agreement.
- For any renewal periods, Symantec and the OEM must mutually agree upon the discount rates based on the OEM's distribution performance and Symantec's business practices at the time of renewal.
- Symantec reserves the right to approve the continuation of the OEM's distribution rights under the same discount rates during any renewal period until new rates are mutually agreed upon in writing. 

No additional specific renewal terms are provided."
1,1.2.12.1_Fiserv_Integrated Solution Partner Agmt_5-2-03.pdf_0,22102,"Fiserv Solutions, Inc.","[{""Description"": ""NetBackup"", ""Type"": ""Product"", ""Unit"": ""NA"", ""Quantity"": ""NA"", ""Billing Frequency"": ""NA"", ""Price"": ""NA"", ""Currency"": ""NA""}, {""Description"": ""NetBackup Business Server"", ""Type"": ""Product"", ""Unit"": ""NA"", ""Quantity"": ""NA"", ""Billing Frequency"": ""NA"", ""Price"": ""NA"", ""Currency"": ""NA""}, {""Description"": ""VERITAS Vs2 Annual Maintenance & Support Services"", ""Type"": ""Service"", ""Unit"": ""Annual"", ""Quantity"": ""NA"", ""Billing Frequency"": ""Annually"", ""Price"": ""23% of VERITAS' product list price for the licensed software"", ""Currency"": ""NA""}]","[{""Description"": ""NetBackup"", ""Type"": ""Product"", ""Unit"": ""NA"", ""Quantity"": ""NA""}, {""Description"": ""NetBackup Business Server"", ""Type"": ""Product"", ""Unit"": ""NA"", ""Quantity"": ""NA""}, {""Description"": ""VERITAS Vs2 Annual Maintenance & Support Services"", ""Type"": ""Service"", ""Unit"": ""Annual"", ""Quantity"": ""NA""}]",twelve (12) months,"[{""Description"": ""Licensed Software (VERITAS price-listed software products)"", ""Type of license"": ""Perpetual""}, {""Description"": ""Support services for Licensed Software (e.g., Extended-level Support, updates, upgrades, patch releases)"", ""Type of license"": ""Support""}, {""Description"": ""Professional Services and Training Services for internal use"", ""Type of license"": ""Support""}, {""Description"": ""Managed Services Products (Dedicated and Shared Services)"", ""Type of license"": ""Subscription""}]","[{""Deliverable"": ""Licensed Software (e.g., NetBackup, NetBackup Business Server)"", ""Description"": ""Provide licenses for the use of VERITAS software products, restricted to object code on designated computers, with usage limitations such as hardware tier, nodes, and servers. The licenses are distinct performance obligations as they grant specific rights to use the software.""}, {""Deliverable"": ""Support Services"", ""Description"": ""Provide technical support services, including Level 1, Level 2, and Level 3 support, for troubleshooting, problem resolution, and updates. Support services are distinct performance obligations as they are separately priced and provide ongoing assistance to customers.""}, {""Deliverable"": ""Updates"", ""Description"": ""Provide updates to the Licensed Software for customers who have paid applicable support fees. Updates are distinct performance obligations as they enhance the functionality of the software.""}, {""Deliverable"": ""Trademark License"", ""Description"": ""Grant a non-exclusive license to use VERITAS trademarks for marketing and promotion of the Integrated Product. This is a distinct performance obligation as it provides specific rights to use intellectual property.""}, {""Deliverable"": ""Integrated Product"", ""Description"": ""Combine VERITAS Licensed Software with COMPANY's products (e.g., SPECTRUM system) to create an Integrated Product for distribution. This is a distinct performance obligation as it involves the integration of software into a new product offering.""}, {""Deliverable"": ""Professional Services and Training"", ""Description"": ""Provide professional services and training for internal use by the COMPANY, discounted by 15%. These are distinct performance obligations as they are separately priced and provide additional value to the customer.""}, {""Deliverable"": ""Managed Services Rights"", ""Description"": ""Grant rights to use Managed Services Products as part of Integrated Services, subject to specific use levels and restrictions. This is a distinct performance obligation as it involves the provision of specific rights and services.""}, {""Deliverable"": ""Customer Support Tiers"", ""Description"": ""Provide varying levels of customer support (e.g., Level 1, Level 2, Level 3) based on severity and complexity of issues. These are distinct performance obligations as they are separately defined and priced.""}, {""Deliverable"": ""Redeployment Rights"", ""Description"": ""Allow redeployment of Dedicated Services Products from one customer to another, subject to payment of applicable fees. This is a distinct performance obligation as it provides specific rights and services.""}, {""Deliverable"": ""Annual Projections and Discounts"", ""Description"": ""Provide discounts based on annual projections of software distribution, with adjustments if projections are not met. This is a distinct performance obligation as it involves pricing adjustments tied to performance metrics.""}]","[{""Name"": ""Licensed Software"", ""Variable consideration"": ""Discounts are provided based on cumulative license fees, with rates ranging from 26% to 38% depending on the total fees. License fees are subject to periodic increases with 60 days' notice. Refunds are not provided for paid sums. Support fees are discounted based on the license fee discount schedule. Penalties for underpayment exceeding 5% of license fees include audit costs and additional fees for unauthorized software use.""}, {""Name"": ""Technical Support Services"", ""Variable consideration"": ""Support fees are based on VERITAS' then-current, in-country list price, less applicable discounts. Discounts align with those for license fees. Extended support fees for Shared Services Products are calculated at 150% of the applicable list price.""}, {""Name"": ""Professional Services and Training"", ""Variable consideration"": ""Discounted by 15% from VERITAS' then-current, in-country price list.""}, {""Name"": ""Shared Services Products"", ""Variable consideration"": ""License fees are set at 150% of the applicable list price. Support fees are discounted based on the license fee discount schedule.""}, {""Name"": ""Managed Services Products"", ""Variable consideration"": ""Redeployment fees apply when products are reassigned to a different customer. Specific reporting requirements are in place for redeployment.""}]","[{""Amount"": ""Variable (based on VERITAS' then-current, in-country list price, less applicable discount)"", ""For"": ""Licensed Software License Fee"", ""Due Date"": ""Upon order placement"", ""Payment Method"": """", ""Payment Type"": ""One-time fees"", ""Billing frequency"": """", ""Payment Terms"": ""Net 30 (payment within 30 days from the date of invoice)"", ""Purchase Order Requirement"": ""Yes"", ""Details"": ""Discounts are applied based on cumulative license fees as per the discount schedule.""}, {""Amount"": ""Annual Support Fees (equal to VERITAS' then-current, in-country list price, less applicable discount)"", ""For"": ""Annual Extended-level Support services for Licensed Software"", ""Due Date"": ""Upon order or renewal of support services"", ""Payment Method"": """", ""Payment Type"": ""Recurring fees billed in advance"", ""Billing frequency"": ""Annual"", ""Payment Terms"": """", ""Purchase Order Requirement"": """", ""Details"": ""Support fees must be paid to access support services and updates.""}, {""Amount"": ""Variable (based on travel and subsistence expenses)"", ""For"": ""Travel and subsistence expenses incurred by VERITAS"", ""Due Date"": ""Upon invoicing"", ""Payment Method"": """", ""Payment Type"": ""One-time fees"", ""Billing frequency"": """", ""Payment Terms"": ""Net 30 (payment within 30 days from the date of invoice)"", ""Purchase Order Requirement"": """", ""Details"": ""Expenses incurred during the performance of services resold by COMPANY.""}, {""Amount"": ""1% per month (or maximum rate permitted by law) on overdue payments"", ""For"": ""Late payment interest"", ""Due Date"": ""Applicable if payment is in arrears for more than 30 days from the due date"", ""Payment Method"": """", ""Payment Type"": ""Penalty"", ""Billing frequency"": """", ""Payment Terms"": """", ""Purchase Order Requirement"": """", ""Details"": ""Late payments will accrue interest.""}]",,4/29/2003,4/11/2003,"The document discusses various aspects of the Integrated Solution Partner Agreement between VERITAS and Fiserv Solutions, Inc. It includes details on the pricing and allocation of software licenses, support services, and the responsibilities of both parties. 

Regarding the fair value of products/services, the document implies that if the standalone selling price (SSP) is not directly observable, an estimated SSP can be used, which may involve cost-plus or market assessment methods. This estimated SSP is crucial for allocating the total contract price among performance obligations.

If you have specific questions about the agreement or need clarification on certain sections, feel free to ask!",,,"The document does not explicitly mention any specific contract modifications or amendments, their effective dates, or the nature of such changes (e.g., scope increase, price change, or termination). However, it does state that any modifications to the agreement must be made in writing and signed by authorized representatives of both parties to be valid (Section 15.14). 

Under ASC 606, any changes to the contract terms would need to be evaluated to determine if they form a separate contract or adjust the existing contract, but no such changes are detailed in the provided text.",,5/2/2003,"[
  {
    ""Contract Effective Date"": ""5/2/2003"",
    ""Contract Signing Date"": ""4/29/2003""
  }
]","The renewal details in the document state that the agreement or addendum will automatically renew for subsequent one-year terms at each annual anniversary of the ""Effective Date"" (referred to as a ""Renewal Term""). However, either party may provide written notice of its intent not to renew at least ninety (90) days prior to the termination of the then-current term. If such notice is provided, the agreement or addendum will terminate at the end of the current term without further action by either party."
2,1.2.2.2_Allscripts Alliance Agreement _16MAR2011_.pdf_0,,"Allscripts Healthcare, LLC","[{""Description"": ""Privacy & Security Risk Assessment for a 1 year term (Single Location Practice)"", ""Type"": ""Product"", ""Unit"": ""Per Location"", ""Quantity"": ""NA"", ""Billing Frequency"": ""Annual"", ""Price"": ""1200"", ""Currency"": ""USD""}, {""Description"": ""Privacy & Security Risk Assessment for a 1 year term (2-3 Location Practices)"", ""Type"": ""Product"", ""Unit"": ""Per Location"", ""Quantity"": ""NA"", ""Billing Frequency"": ""Annual"", ""Price"": ""1800"", ""Currency"": ""USD""}, {""Description"": ""Privacy & Security Risk Assessment for a 1 year term (4-10 Location Practices)"", ""Type"": ""Product"", ""Unit"": ""Per Location"", ""Quantity"": ""NA"", ""Billing Frequency"": ""Annual"", ""Price"": ""2500"", ""Currency"": ""USD""}, {""Description"": ""Privacy & Security Risk Assessment for a 1 year term (11-15 Location Practices)"", ""Type"": ""Product"", ""Unit"": ""Per Location"", ""Quantity"": ""NA"", ""Billing Frequency"": ""Annual"", ""Price"": ""3000"", ""Currency"": ""USD""}, {""Description"": ""Privacy & Security Risk Assessment for a 1 year term (16-20 Location Practices)"", ""Type"": ""Product"", ""Unit"": ""Per Location"", ""Quantity"": ""NA"", ""Billing Frequency"": ""Annual"", ""Price"": ""4500"", ""Currency"": ""USD""}, {""Description"": ""Privacy & Security Risk Assessment for a 1 year term (21-25 Location Practices)"", ""Type"": ""Product"", ""Unit"": ""Per Location"", ""Quantity"": ""NA"", ""Billing Frequency"": ""Annual"", ""Price"": ""6000"", ""Currency"": ""USD""}, {""Description"": ""Privacy & Security Risk Assessment for a 3 year term (Single Location Practice)"", ""Type"": ""Product"", ""Unit"": ""Per Location"", ""Quantity"": ""NA"", ""Billing Frequency"": ""3 Years"", ""Price"": ""2400"", ""Currency"": ""USD""}, {""Description"": ""Privacy & Security Risk Assessment for a 3 year term (2-3 Locations)"", ""Type"": ""Product"", ""Unit"": ""Per Location"", ""Quantity"": ""NA"", ""Billing Frequency"": ""3 Years"", ""Price"": ""3600"", ""Currency"": ""USD""}, {""Description"": ""Privacy & Security Risk Assessment for a 3 year term (4-10 Location Practices)"", ""Type"": ""Product"", ""Unit"": ""Per Location"", ""Quantity"": ""NA"", ""Billing Frequency"": ""3 Years"", ""Price"": ""5000"", ""Currency"": ""USD""}, {""Description"": ""Privacy & Security Risk Assessment for a 3 year term (11-15 Location Practices)"", ""Type"": ""Product"", ""Unit"": ""Per Location"", ""Quantity"": ""NA"", ""Billing Frequency"": ""3 Years"", ""Price"": ""6000"", ""Currency"": ""USD""}, {""Description"": ""Privacy & Security Risk Assessment for a 3 year term (16-20 Location Practices)"", ""Type"": ""Product"", ""Unit"": ""Per Location"", ""Quantity"": ""NA"", ""Billing Frequency"": ""3 Years"", ""Price"": ""9000"", ""Currency"": ""USD""}, {""Description"": ""Privacy & Security Risk Assessment for a 3 year term (21-25 Location Practices)"", ""Type"": ""Product"", ""Unit"": ""Per Location"", ""Quantity"": ""NA"", ""Billing Frequency"": ""3 Years"", ""Price"": ""12000"", ""Currency"": ""USD""}]","[{""Description"": ""Privacy & Security Risk Assessment for a 1 year term (Single Location Practice)"", ""Type"": ""Product"", ""Unit"": ""Per Location"", ""Quantity"": ""NA""}, {""Description"": ""Privacy & Security Risk Assessment for a 1 year term (2-3 Location Practices)"", ""Type"": ""Product"", ""Unit"": ""Per Location"", ""Quantity"": ""NA""}, {""Description"": ""Privacy & Security Risk Assessment for a 1 year term (4-10 Location Practices)"", ""Type"": ""Product"", ""Unit"": ""Per Location"", ""Quantity"": ""NA""}, {""Description"": ""Privacy & Security Risk Assessment for a 1 year term (11-15 Location Practices)"", ""Type"": ""Product"", ""Unit"": ""Per Location"", ""Quantity"": ""NA""}, {""Description"": ""Privacy & Security Risk Assessment for a 1 year term (16-20 Location Practices)"", ""Type"": ""Product"", ""Unit"": ""Per Location"", ""Quantity"": ""NA""}, {""Description"": ""Privacy & Security Risk Assessment for a 1 year term (21-25 Location Practices)"", ""Type"": ""Product"", ""Unit"": ""Per Location"", ""Quantity"": ""NA""}, {""Description"": ""Privacy & Security Risk Assessment for a 3 year term (Single Location Practice)"", ""Type"": ""Product"", ""Unit"": ""Per Location"", ""Quantity"": ""NA""}, {""Description"": ""Privacy & Security Risk Assessment for a 3 year term (2-3 Locations)"", ""Type"": ""Product"", ""Unit"": ""Per Location"", ""Quantity"": ""NA""}, {""Description"": ""Privacy & Security Risk Assessment for a 3 year term (4-10 Location Practices)"", ""Type"": ""Product"", ""Unit"": ""Per Location"", ""Quantity"": ""NA""}, {""Description"": ""Privacy & Security Risk Assessment for a 3 year term (11-15 Location Practices)"", ""Type"": ""Product"", ""Unit"": ""Per Location"", ""Quantity"": ""NA""}, {""Description"": ""Privacy & Security Risk Assessment for a 3 year term (16-20 Location Practices)"", ""Type"": ""Product"", ""Unit"": ""Per Location"", ""Quantity"": ""NA""}, {""Description"": ""Privacy & Security Risk Assessment for a 3 year term (21-25 Location Practices)"", ""Type"": ""Product"", ""Unit"": ""Per Location"", ""Quantity"": ""NA""}]",three (3) years,"[{""Description"": ""Privacy & Security Risk Assessment for a 1 year term (Single Location Practice)"", ""Type of license"": ""Subscription""}, {""Description"": ""Privacy & Security Risk Assessment for a 1 year term (2-3 Location Practices)"", ""Type of license"": ""Subscription""}, {""Description"": ""Privacy & Security Risk Assessment for a 1 year term (4-10 Location Practices)"", ""Type of license"": ""Subscription""}, {""Description"": ""Privacy & Security Risk Assessment for a 1 year term (11-15 Location Practices)"", ""Type of license"": ""Subscription""}, {""Description"": ""Privacy & Security Risk Assessment for a 1 year term (16-20 Location Practices)"", ""Type of license"": ""Subscription""}, {""Description"": ""Privacy & Security Risk Assessment for a 1 year term (21-25 Location Practices)"", ""Type of license"": ""Subscription""}, {""Description"": ""Privacy & Security Risk Assessment for a 3 year term (Single Location Practice)"", ""Type of license"": ""Subscription""}, {""Description"": ""Privacy & Security Risk Assessment for a 3 year term (2-3 Locations)"", ""Type of license"": ""Subscription""}, {""Description"": ""Allscripts Branded Support"", ""Type of license"": ""Support""}, {""Description"": ""Content Updates for Hosted Services"", ""Type of license"": ""Support""}, {""Description"": ""Software Version Upgrades for Hosted Services"", ""Type of license"": ""Support""}]","[{""Deliverable"": ""Hosted Service"", ""Description"": ""Symantec provides the Privacy & Security Risk Assessment software-as-a-service offering, including related documentation, software version upgrades, and content updates. Symantec ensures the service is available 99.99% of the time during normal operational hours, excluding maintenance windows.""}, {""Deliverable"": ""Software Version Upgrades"", ""Description"": ""Symantec provides subsequent releases of the Hosted Services, including documentation revisions, error corrections, enhancements, maintenance packs, and major/minor releases. These upgrades are included for customers with active subscriptions.""}, {""Deliverable"": ""Content Updates"", ""Description"": ""Symantec updates the content used by the Hosted Services periodically at its discretion, in accordance with applicable regulations.""}, {""Deliverable"": ""Allscripts Branded Support"", ""Description"": ""Allscripts provides technical support to customers for the Hosted Services under its own branding. Symantec provides backline support to Allscripts to enable this service.""}, {""Deliverable"": ""Backline Support"", ""Description"": ""Symantec provides backline support to Allscripts to address service unavailability and assist with Severity Level 2 and 3 issues. Symantec does not provide direct support to end users.""}, {""Deliverable"": ""Allscripts Sales Portal"", ""Description"": ""Allscripts provides a sales portal for placing orders for Hosted Services and related support. Symantec uses this portal to process orders and manage customer accounts.""}, {""Deliverable"": ""Marketing Cooperation"", ""Description"": ""Allscripts markets the Hosted Services, creates marketing collateral, and identifies Symantec as a strategic partner. Symantec co-brands the Hosted Services and participates in Allscripts' Partner Program.""}, {""Deliverable"": ""Customer Subscription Rights"", ""Description"": ""Customers purchase subscriptions for the Hosted Services, which include access to the service, software version upgrades, and content updates. Customers may also renew subscriptions annually at the agreed pricing.""}, {""Deliverable"": ""Beta Participant Pricing"", ""Description"": ""Symantec offers a 50% discount on the MSRP for Beta Participants' first purchase of the Hosted Service. Allscripts pays Symantec royalties based on the discounted MSRP.""}, {""Deliverable"": ""Disaster Recovery"", ""Description"": ""Symantec ensures recovery of all active customer assessments as they existed the day prior to a disaster.""}]","[{""Name"": ""Privacy & Security Risk Assessment (Single Location Practice)"", ""Variable consideration"": ""Promotional pricing for a 3-year term (buy 2 years, get 1 year free); Beta participants receive a 50% discount on the first purchase.""}, {""Name"": ""Privacy & Security Risk Assessment (2-3 Location Practices)"", ""Variable consideration"": ""Promotional pricing for a 3-year term (buy 2 years, get 1 year free); Beta participants receive a 50% discount on the first purchase.""}, {""Name"": ""Privacy & Security Risk Assessment (4-10 Location Practices)"", ""Variable consideration"": ""Promotional pricing for a 3-year term (buy 2 years, get 1 year free); Beta participants receive a 50% discount on the first purchase.""}, {""Name"": ""Privacy & Security Risk Assessment (11-15 Location Practices)"", ""Variable consideration"": ""Promotional pricing for a 3-year term (buy 2 years, get 1 year free); Beta participants receive a 50% discount on the first purchase.""}, {""Name"": ""Privacy & Security Risk Assessment (16-20 Location Practices)"", ""Variable consideration"": ""Promotional pricing for a 3-year term (buy 2 years, get 1 year free); Beta participants receive a 50% discount on the first purchase.""}, {""Name"": ""Privacy & Security Risk Assessment (21-25 Location Practices)"", ""Variable consideration"": ""Promotional pricing for a 3-year term (buy 2 years, get 1 year free); Beta participants receive a 50% discount on the first purchase.""}]","[{""Amount"": ""50% of the Net Revenues received by Allscripts for each Hosted Service Subscription"", ""For"": ""Royalty Fees for Hosted Service Subscriptions"", ""Due Date"": ""Within 30 days from the date of invoice"", ""Payment Method"": """", ""Payment Type"": ""Recurring fees billed monthly based on Monthly Reports"", ""Billing frequency"": ""Monthly"", ""Payment Terms"": ""Net 30"", ""Purchase Order Requirement"": ""No"", ""Details"": ""Minimum Royalty Fee is 50% of the applicable MSRP listed in Exhibit A.""}, {""Amount"": ""Late charge equal to the lesser of 1.5% per month or the highest rate permissible by law"", ""For"": ""Late payments exceeding 30 days after the invoice date"", ""Due Date"": ""30 days after the invoice date"", ""Payment Method"": """", ""Payment Type"": ""Penalty for late payment"", ""Billing frequency"": """", ""Payment Terms"": """", ""Purchase Order Requirement"": ""No"", ""Details"": ""Applies to unpaid amounts not in good faith dispute or material error.""}, {""Amount"": ""Taxes, customs duties, import fees, or other similar charges"", ""For"": ""Mandatory payments to government entities related to Hosted Services"", ""Due Date"": ""As billed by Symantec"", ""Payment Method"": """", ""Payment Type"": ""One-time fees as applicable"", ""Billing frequency"": """", ""Payment Terms"": """", ""Purchase Order Requirement"": ""No"", ""Details"": ""Excludes taxes on Symantec's net income and property.""}, {""Amount"": ""50% of the discounted MSRP for Beta Participants"", ""For"": ""Royalty Fees for Beta Participants' first purchase of Hosted Services"", ""Due Date"": ""Within 30 days from the date of invoice"", ""Payment Method"": """", ""Payment Type"": ""One-time fees"", ""Billing frequency"": """", ""Payment Terms"": ""Net 30"", ""Purchase Order Requirement"": ""No"", ""Details"": ""Minimum Royalty Fee does not apply for Beta Participants.""}]",,,,"The document outlines the terms of the Alliance Agreement between Symantec Corporation and Allscripts Healthcare, LLC, effective from March 16, 2011. It includes definitions of key terms, rights granted to Allscripts for selling Symantec's Hosted Services, pricing structures, and obligations regarding support and taxes.

1. **Definitions**: Key terms such as ""Customer,"" ""Hosted Service,"" ""Net Revenues,"" and ""Price List"" are defined to clarify the agreement's scope.

2. **Rights Granted**: Allscripts is granted non-exclusive rights to sell subscriptions for the Hosted Services and provide branded support, with specific conditions on how these services can be marketed and sold.

3. **Pricing**: The agreement specifies a royalty fee structure based on net revenues from customers, with minimum royalty amounts outlined in a pricing table. Special pricing considerations for larger practices are also mentioned.

4. **Support**: Allscripts will provide technical support to its customers, while Symantec will offer backline support to Allscripts.

5. **Taxes and Duties**: Allscripts is responsible for all applicable taxes and duties related to the Hosted Services.

6. **Term and Termination**: The agreement has a three-year term with provisions for renewal and termination under specified conditions.

This summary captures the essence of the agreement without delving into unrelated topics. If you have specific questions about any section or term, feel free to ask!",,,"The provided document does not explicitly mention any modifications or amendments to the original contract. However, it does state that any modifications to the agreement must be made in writing and signed by authorized representatives of both parties to be valid (Section 11.18). Additionally, pricing adjustments for renewal terms or special cases are subject to mutual agreement between the parties (Exhibit A, Section B).

If there were any changes to the contract, they would need to be documented in accordance with these provisions. The document does not provide specific details about any such amendments or their effective dates.",,2/24/2011,"[
  {
    ""Contract Effective Date"": ""3/16/2011"",
    ""Contract Signing Date"": ""3/14/2011""
  }
]","The renewal details in the document are as follows:

- The initial term of the agreement is three (3) years from the Effective Date.
- After the initial term, the agreement will renew for additional one (1) year terms upon mutual agreement of the parties unless terminated earlier or a party provides written notice of non-renewal at least ninety (90) days prior to the expiration of the then-current term."
3,1.2.23.1_HP - Bundled Software Lic Agmt _May2000_.pdf_0,,VERITAS Software Corporation,"[{""Description"": ""VERITAS Software Corporation VxCACHE for Microsoft Windows NT version 4.0 (inclusive of service packs) and Microsoft Windows 2000"", ""Type"": ""Product"", ""Unit"": ""Copy"", ""Quantity"": ""NA"", ""Billing Frequency"": ""Per Copy"", ""Price"": ""10.00"", ""Currency"": ""USD""}, {""Description"": ""Backline telephone support by VERITAS Customer Service to designated individuals in HP's support organization during the term of the Agreement and twelve (12) months immediately thereafter"", ""Type"": ""Service"", ""Unit"": ""NA"", ""Quantity"": ""NA"", ""Billing Frequency"": ""Fee basis after initial term"", ""Price"": ""Current support rates"", ""Currency"": ""NA""}]","[{""Description"": ""VERITAS Software Corporation VxCACHE for Microsoft Windows NT version 4.0 (inclusive of service packs) and Microsoft Windows 2000"", ""Type"": ""Product"", ""Unit"": ""Copy"", ""Quantity"": ""NA""}, {""Description"": ""Backline telephone support by VERITAS Customer Service to designated individuals in HP's support organization during the term of the Agreement and twelve (12) months immediately thereafter"", ""Type"": ""Service"", ""Unit"": ""NA"", ""Quantity"": ""NA""}]",twelve (12) months,"[{""Description"": ""VERITAS Software Corporation VxCACHE for Microsoft Windows NT version 4.0 and Microsoft Windows 2000"", ""Type of license"": ""Perpetual""}, {""Description"": ""Maintenance and support services for the Program as specified in Exhibit C"", ""Type of license"": ""Support""}, {""Description"": ""Technical assistance and training for HP personnel to use, copy, and distribute the Program"", ""Type of license"": ""Support""}, {""Description"": ""Compatibility updates for the Program with future releases and revisions of HP Products"", ""Type of license"": ""Support""}]","[{""Deliverable"": ""Program License (VERITAS VxCACHE)"", ""Description"": ""Provide a license to use the VERITAS VxCACHE software for Microsoft Windows NT 4.0 and Windows 2000, including the right to reproduce and distribute the software in conjunction with HP products.""}, {""Deliverable"": ""Documentation License"", ""Description"": ""Provide a license to use the VERITAS VxCACHE documentation in Portable Document Format (PDF), delivered via CD-ROM or electronic transfer, for internal use and distribution to customers.""}, {""Deliverable"": ""Program Maintenance and Support"", ""Description"": ""Provide ongoing maintenance and support services, including technical assistance, problem resolution, and escalation processes, as well as updates to the Tracking System for service requests and resolutions.""}, {""Deliverable"": ""Enhancements"", ""Description"": ""Provide updates or enhancements to the VERITAS VxCACHE software as they become available, ensuring compatibility with supported operating systems and addressing customer needs.""}, {""Deliverable"": ""Technical Assistance and Training"", ""Description"": ""Provide technical assistance to HP, including response to service requests, problem diagnosis, and resolution, as well as training for HP personnel to support the software.""}, {""Deliverable"": ""Escrow Agreement"", ""Description"": ""Maintain an escrow agreement to ensure access to the source code for the VERITAS VxCACHE software in the event of specific conditions, such as licensor's inability to support the software.""}, {""Deliverable"": ""Tracking System"", ""Description"": ""Implement and maintain a problem tracking system for inputting, accessing, and updating information on service requests, technical assistance, problem resolution, and escalation.""}, {""Deliverable"": ""Customer Support Information"", ""Description"": ""Provide HP with support information, including updates to documentation and details about product changes, to assist HP in supporting its customers.""}, {""Deliverable"": ""Installation Tool"", ""Description"": ""Provide an installation tool (using InstallShield) for installing/uninstalling the FastDISK software, configuring cache settings, and creating necessary directories and shortcuts.""}, {""Deliverable"": ""Customer Rights and Options"", ""Description"": ""Grant HP the right to use, copy, and distribute the software and support information, as well as the ability to request additional information or enhancements to support the software.""}]","[{""Name"": ""VERITAS Software Corporation VxCACHE for Microsoft Windows NT version 4.0 and Microsoft Windows 2000"", ""Variable consideration"": ""Royalties are defined as $10 per copy of the program used internally or distributed by HP. Enhancements providing additional functionality or features are subject to royalties as defined in Exhibit B. Error Correction Enhancements (bug fixes and error corrections) are provided royalty-free. Additional payments may apply for significant functionality enhancements requested by HP, based on mutually agreed terms and Licensor's standard rates.""}]","[{""Amount"": ""$10.00 per copy"", ""For"": ""Each copy of the Program used internally or distributed for use in conjunction with an HP Product"", ""Due Date"": ""30 days after the end of each calendar month"", ""Payment Method"": """", ""Payment Type"": ""Recurring fees, time-based"", ""Billing frequency"": ""Monthly"", ""Payment Terms"": ""Net 30"", ""Purchase Order Requirement"": ""No"", ""Details"": ""No royalty is due for copies used for demonstration, training, or support purposes, or for electronic distribution intended solely for use with previously sold HP products.""}, {""Amount"": ""Backline telephone support fees (if applicable)"", ""For"": ""Backline telephone support provided by VERITAS Customer Service after the initial 12 months of the agreement"", ""Due Date"": ""As agreed upon for support services"", ""Payment Method"": """", ""Payment Type"": ""Fee-based support services"", ""Billing frequency"": """", ""Payment Terms"": """", ""Purchase Order Requirement"": ""No"", ""Details"": ""Initial 12 months of backline telephone support are included in the Per Copy Object Code Royalty. Thereafter, support is provided on a fee basis at then-current support rates.""}]",,"May 18th, 2000",,"The document discusses the pricing structure for the bundled software license agreement between Hewlett-Packard Company and Veritas Software Corporation. Specifically, it states that HP agrees to pay a royalty of ten dollars ($10.00) for each copy of the program used internally or distributed in conjunction with an HP product. This royalty includes the right to reproduce and distribute associated documentation. No royalty is due for programs used for reasonable demonstration, training, or support purposes, or for electronic distribution intended solely for previously sold HP products. Additionally, royalties apply to feature enhancements that include new functionality. 

If you have any specific questions about the content or need further clarification, feel free to ask!",,,"The provided document does not include specific details about any contract modifications or amendments, their effective dates, or the nature of such changes (e.g., scope increase, price change, or termination). However, it does state in Section 10.14 (""Entire Agreement"") that any modification to the agreement must be in writing and signed by authorized representatives of both parties to be binding. 

Under ASC 606, any changes to the contract terms would need to be evaluated to determine if they constitute a separate contract or an adjustment to the existing contract, but no such changes are explicitly mentioned in the document provided.",,"May 18th, 2000","[
  {
    ""Contract Effective Date"": ""May 18th, 2000"",
    ""Contract Signing Date"": ""May 18th, 2000""
  }
]","The renewal details in the document state:

The agreement will automatically renew for additional one (1) year periods unless written notice is given by one party to the other at least ninety (90) days prior to the end of the initial or any subsequent term. (Section 7.1)"
4,1.2.25.1_Hitachi Data Systems_Add. 1_2000.10.10.pdf_0,,VERITAS Software Corporation,"[{""Description"": ""SANPoint Control, Solaris, Base License 1.0 - Tier 1"", ""Type"": ""product"", ""Unit"": ""license"", ""Quantity"": ""NA"", ""Billing Frequency"": ""NA"", ""Price"": ""2495.00"", ""Currency"": ""USD""}, {""Description"": ""SANPoint Control, Solaris, Base License 1.0 - Tier 2"", ""Type"": ""product"", ""Unit"": ""license"", ""Quantity"": ""NA"", ""Billing Frequency"": ""NA"", ""Price"": ""4995.00"", ""Currency"": ""USD""}, {""Description"": ""SANPoint Control, Solaris, Base License 1.0 - Tier 3"", ""Type"": ""product"", ""Unit"": ""license"", ""Quantity"": ""NA"", ""Billing Frequency"": ""NA"", ""Price"": ""9995.00"", ""Currency"": ""USD""}, {""Description"": ""SANPoint Control, Solaris, Base License 1.0 - Tier 4"", ""Type"": ""product"", ""Unit"": ""license"", ""Quantity"": ""NA"", ""Billing Frequency"": ""NA"", ""Price"": ""19995.00"", ""Currency"": ""USD""}, {""Description"": ""Trial Version Software Product"", ""Type"": ""product"", ""Unit"": ""NA"", ""Quantity"": ""NA"", ""Billing Frequency"": ""NA"", ""Price"": ""NA"", ""Currency"": ""NA""}, {""Description"": ""Media Kit for SANPoint Control Software Product"", ""Type"": ""product"", ""Unit"": ""kit"", ""Quantity"": ""NA"", ""Billing Frequency"": ""NA"", ""Price"": ""NA"", ""Currency"": ""USD""}, {""Description"": ""Support Services for SANPoint Control Software Product"", ""Type"": ""service"", ""Unit"": ""case"", ""Quantity"": ""NA"", ""Billing Frequency"": ""per call"", ""Price"": ""400.00"", ""Currency"": ""USD""}, {""Description"": ""Support Readiness Training (SRT) for SANPoint Control Software Product"", ""Type"": ""service"", ""Unit"": ""student per day"", ""Quantity"": ""NA"", ""Billing Frequency"": ""NA"", ""Price"": ""600.00"", ""Currency"": ""USD""}, {""Description"": ""Annual Support Fee for SANPoint Control Software Product"", ""Type"": ""service"", ""Unit"": ""contract per year"", ""Quantity"": ""NA"", ""Billing Frequency"": ""annual"", ""Price"": ""12% of product price"", ""Currency"": ""USD""}]","[{""Description"": ""SANPoint Control, Solaris, Base License 1.0 - Tier 1"", ""Type"": ""product"", ""Unit"": ""license"", ""Quantity"": ""NA""}, {""Description"": ""SANPoint Control, Solaris, Base License 1.0 - Tier 2"", ""Type"": ""product"", ""Unit"": ""license"", ""Quantity"": ""NA""}, {""Description"": ""SANPoint Control, Solaris, Base License 1.0 - Tier 3"", ""Type"": ""product"", ""Unit"": ""license"", ""Quantity"": ""NA""}, {""Description"": ""SANPoint Control, Solaris, Base License 1.0 - Tier 4"", ""Type"": ""product"", ""Unit"": ""license"", ""Quantity"": ""NA""}, {""Description"": ""Trial Version Software Product"", ""Type"": ""product"", ""Unit"": ""NA"", ""Quantity"": ""NA""}, {""Description"": ""Media Kit for SANPoint Control Software Product"", ""Type"": ""product"", ""Unit"": ""kit"", ""Quantity"": ""NA""}, {""Description"": ""Support Services for SANPoint Control Software Product"", ""Type"": ""service"", ""Unit"": ""case"", ""Quantity"": ""NA""}, {""Description"": ""Support Readiness Training (SRT) for SANPoint Control Software Product"", ""Type"": ""service"", ""Unit"": ""student per day"", ""Quantity"": ""NA""}, {""Description"": ""Annual Support Fee for SANPoint Control Software Product"", ""Type"": ""service"", ""Unit"": ""contract per year"", ""Quantity"": ""NA""}]",conterminous with the Master Agreement,"[{""Description"": ""VERITAS SANPoint Control Software Product"", ""Type of license"": ""Perpetual""}, {""Description"": ""VERITAS SANPoint Control Software Product Support"", ""Type of license"": ""Support""}, {""Description"": ""VERITAS SANPoint Control Software Product Media Kits"", ""Type of license"": ""Perpetual""}, {""Description"": ""VERITAS SANPoint Control Software Product Enhancements"", ""Type of license"": ""Support""}, {""Description"": ""VERITAS SANPoint Control Software Product Training (SRT and Train-the-Trainer)"", ""Type of license"": ""Support""}, {""Description"": ""VERITAS SANPoint Control Software Product Consulting Services"", ""Type of license"": ""Support""}]","[{""Deliverable"": ""VERITAS SANPoint Control Software Product"", ""Description"": ""HDS is obligated to distribute the SANPoint Control Software Product, including updates, upgrades, new releases, new versions, and enhancements. VERITAS will deliver the master copy of the software and subsequent versions/releases within 10 days of general availability.""}, {""Deliverable"": ""Software Product Royalties"", ""Description"": ""HDS must pay royalties for each SANPoint Control Software Product Media Kit distributed, either directly, indirectly, as part of a bundled package, or in standalone form. Royalties are non-cancelable and non-refundable.""}, {""Deliverable"": ""Support Services"", ""Description"": ""HDS will provide Level 1 and Level 2 support to end users for the SANPoint Control Software Product. VERITAS will provide training (SRT) to HDS support personnel and deliver patches, bug fixes, and updates as they become available.""}, {""Deliverable"": ""Support Readiness Training (SRT)"", ""Description"": ""VERITAS will provide training to HDS support personnel to enable them to become qualified to provide Level 1 and Level 2 support. Training includes introductory content and ongoing updates for new releases or versions.""}, {""Deliverable"": ""On-Site Support"", ""Description"": ""VERITAS will provide on-site support for Severity Level 1 problems or as mutually agreed. If the issue is due to end-user misuse, VERITAS may request reimbursement for on-site support costs.""}, {""Deliverable"": ""End User Call Record Template"", ""Description"": ""HDS Support Call Centers will complete an End User Call Record Template for each incoming support call during the Interim End User Support Period.""}, {""Deliverable"": ""Service Implementation Plan (SIP)"", ""Description"": ""VERITAS and HDS will develop a detailed SIP within 90 days of the effective date, outlining operational details, roles, responsibilities, and metrics for support services.""}, {""Deliverable"": ""Extended Support for End-of-Life (EOL) Products"", ""Description"": ""If HDS elects to support a SANPoint Control Software Product that VERITAS has decided to EOL, the parties must mutually agree on terms for continued support, including fees and duration.""}, {""Deliverable"": ""Electronic Commerce Agreement"", ""Description"": ""VERITAS enables HDS to submit orders via electronic mail or facsimile through designated Authorized Users. HDS is responsible for all actions taken by Authorized Users.""}]","[{""Name"": ""SANPoint Control Software Product"", ""Variable consideration"": ""HDS will pay VERITAS $600 per student per day for training beyond the initial 20 students, $400 per call for Level 2 support exceeding 150 cases, and 12% of the product price annually for support contracts. Discounts, rebates, usage-based fees, or refunds are not mentioned.""}]","[{""Amount"": ""$75,000.00"", ""For"": ""One-time service fee for support readiness training (SRT) and Level 2 support for SANPoint Control Software Product"", ""Due Date"": ""30 days from the Effective Date (October 10, 2000)"", ""Payment Method"": """", ""Payment Type"": ""One-time fees"", ""Billing frequency"": """", ""Payment Terms"": """", ""Purchase Order Requirement"": ""No"", ""Details"": ""Includes SRT for up to 20 employees and Level 2 support for up to 150 cases during the Interim End User Support Period.""}, {""Amount"": ""$600.00 per student per day"", ""For"": ""SRT or Train-the-Trainer instruction for additional employees beyond the initial 20"", ""Due Date"": ""As required"", ""Payment Method"": """", ""Payment Type"": ""Time-based recurring fees"", ""Billing frequency"": ""Per session"", ""Payment Terms"": """", ""Purchase Order Requirement"": ""No"", ""Details"": ""Applies to additional employees requiring SRT or Train-the-Trainer instruction.""}, {""Amount"": ""$400.00 per call"", ""For"": ""Level 2 support cases exceeding the initial 150 cases during the Interim End User Support Period"", ""Due Date"": ""As required"", ""Payment Method"": """", ""Payment Type"": ""Time-based recurring fees"", ""Billing frequency"": ""Per case"", ""Payment Terms"": """", ""Purchase Order Requirement"": ""No"", ""Details"": ""Applies to excess Level 2 support cases.""}, {""Amount"": ""12% of the SANPoint Control Software Product price"", ""For"": ""Annual support contracts or renewals"", ""Due Date"": ""30 days after receipt of invoice from VERITAS"", ""Payment Method"": """", ""Payment Type"": ""Recurring fees billed in advance"", ""Billing frequency"": ""Annually"", ""Payment Terms"": """", ""Purchase Order Requirement"": ""No"", ""Details"": ""Based on VERITAS' then-current U.S. Price List.""}, {""Amount"": ""62% of Annual Net Royalty up to $4,999,999.00; 60% for revenues above $5,000,000.00"", ""For"": ""Royalties for SANPoint Control Software Products licensed in the first year"", ""Due Date"": ""30 days from the date of the VERITAS invoice"", ""Payment Method"": """", ""Payment Type"": ""Recurring fees billed in advance"", ""Billing frequency"": ""Annually"", ""Payment Terms"": ""Non-cancelable and non-refundable"", ""Purchase Order Requirement"": ""No"", ""Details"": ""Royalty rates reset to 62% in subsequent years regardless of prior revenues.""}]",,,,"The document discusses the fair value of products and services, specifically in the context of the Hitachi Data Systems Corporation and VERITAS Software Corporation agreement. It mentions that if the standalone selling price (SSP) is not directly observable, an estimated SSP can be used, which may involve cost-plus or market assessment methods. This estimated SSP is crucial for allocating the total contract price among performance obligations. 

Additionally, the document includes details about the pricing structure for the SANPoint Control Software Product, including various tiers and associated prices for licenses based on the number of switch ports and host tiers. The U.S. Price List for the SANPoint Control Software Product is also referenced, indicating that it is subject to change.",,,"The document outlines a modification to the original agreement between Hitachi Data Systems Corporation (HDS) and VERITAS Software Corporation, referred to as the ""First Addendum."" Below are the key details regarding the modification:

1. **Effective Date of Modification**: October 10, 2000.

2. **Nature of Changes**:
   - **Scope Increase**: The addendum expands the scope of the original agreement to include the distribution of the VERITAS SANPoint Control software product by HDS.
   - **Amendments to Exhibits**:
     - Exhibit 1 (""Software Products"") was amended to include the SANPoint Control software product and its updates, upgrades, new releases, versions, and enhancements.
     - Exhibit 2 (""Software Product Royalty Schedule"") and Exhibit 3 (""VERITAS Partner Software Support Program"") were replaced with new versions specific to the SANPoint Control software product.
     - Exhibit 4 (""VERITAS Professional Service Offerings"") was deleted.
     - New exhibits were added, including details on product enhancements, reseller order forms, price lists, and support call center locations.
   - **Support and Maintenance**:
     - HDS was assigned Level 1 and Level 2 support responsibilities for the SANPoint Control software product after an interim period, while VERITAS retained Level 3 support.
     - Specific support fees and royalty structures were defined.
   - **Geographic Exclusion**: The license rights granted to HDS explicitly excluded Japan.
   - **Electronic Commerce**: An addendum was included to enable electronic and facsimile order submissions by HDS and its affiliates.

3. **Evaluation Under ASC 606**:
   - The changes introduced by the First Addendum, such as the inclusion of new products and support responsibilities, would need to be evaluated to determine if they constitute a separate contract or a modification to the existing contract. This evaluation would depend on whether the changes add distinct goods or services and whether the pricing reflects standalone selling prices.",,11-Mar-99,"[
  {
    ""Contract Effective Date"": ""October 10, 2000"",
    ""Contract Signing Date"": ""October 6, 2000""
  }
]","The document specifies renewal details under Section 6.4:

HDS and its Ordering Affiliates are required to pay VERITAS a ""Support Fee"" of 12% of the SANPoint Control Software Product price (based on VERITAS' then-current U.S. Price List) per year for each annual support contract or renewal. HDS and Affiliates must submit a report of active Support Contracts at the end of each calendar quarter and pay the applicable Support Fees within 30 days of receiving an invoice from VERITAS."
5,1.3.1.1.88.3_Intellisearch AS_Equipment Loan & Software License Agreement _12Mar08_.pdf_0,,IntelliSearch AS,"[{""Description"": ""Microsoft Windows Server 2003 Enterprise Edition"", ""Type"": ""software"", ""Unit"": ""NA"", ""Quantity"": ""NA"", ""Billing Frequency"": ""NA"", ""Price"": ""NA"", ""Currency"": ""NA""}, {""Description"": ""Microsoft Exchange Server 2003 Standard Edition"", ""Type"": ""software"", ""Unit"": ""NA"", ""Quantity"": ""NA"", ""Billing Frequency"": ""NA"", ""Price"": ""NA"", ""Currency"": ""NA""}, {""Description"": ""Microsoft SQL Server 2000 Enterprise Edition"", ""Type"": ""software"", ""Unit"": ""NA"", ""Quantity"": ""NA"", ""Billing Frequency"": ""NA"", ""Price"": ""NA"", ""Currency"": ""NA""}, {""Description"": ""Microsoft Office 2003 Professional Edition"", ""Type"": ""software"", ""Unit"": ""NA"", ""Quantity"": ""NA"", ""Billing Frequency"": ""NA"", ""Price"": ""NA"", ""Currency"": ""NA""}, {""Description"": ""Microsoft Office SharePoint Portal Server 2003"", ""Type"": ""software"", ""Unit"": ""NA"", ""Quantity"": ""NA"", ""Billing Frequency"": ""NA"", ""Price"": ""NA"", ""Currency"": ""NA""}, {""Description"": ""WinZip 9.0 SR-1 (Evaluation Version)"", ""Type"": ""software"", ""Unit"": ""NA"", ""Quantity"": ""NA"", ""Billing Frequency"": ""NA"", ""Price"": ""NA"", ""Currency"": ""NA""}, {""Description"": ""Adobe Acrobat Reader 7.0"", ""Type"": ""software"", ""Unit"": ""NA"", ""Quantity"": ""NA"", ""Billing Frequency"": ""NA"", ""Price"": ""NA"", ""Currency"": ""NA""}, {""Description"": ""Symantec Antivirus 9.0"", ""Type"": ""software"", ""Unit"": ""NA"", ""Quantity"": ""NA"", ""Billing Frequency"": ""NA"", ""Price"": ""NA"", ""Currency"": ""NA""}, {""Description"": ""VERITAS Enterprise Vault 6.0"", ""Type"": ""software"", ""Unit"": ""NA"", ""Quantity"": ""NA"", ""Billing Frequency"": ""NA"", ""Price"": ""NA"", ""Currency"": ""NA""}, {""Description"": ""VERITAS Enterprise Vault Compliance Accelerator Version 5.1 SP3"", ""Type"": ""software"", ""Unit"": ""NA"", ""Quantity"": ""NA"", ""Billing Frequency"": ""NA"", ""Price"": ""NA"", ""Currency"": ""NA""}, {""Description"": ""VERITAS Enterprise Vault Discovery Accelerator Version 5.0 CP2"", ""Type"": ""software"", ""Unit"": ""NA"", ""Quantity"": ""NA"", ""Billing Frequency"": ""NA"", ""Price"": ""NA"", ""Currency"": ""NA""}, {""Description"": ""IBM Lotus Notes (client) and Domino 7 (server)"", ""Type"": ""software"", ""Unit"": ""NA"", ""Quantity"": ""NA"", ""Billing Frequency"": ""NA"", ""Price"": ""NA"", ""Currency"": ""NA""}]","[{""Description"": ""Microsoft Windows Server 2003 Enterprise Edition"", ""Type"": ""software"", ""Unit"": ""NA"", ""Quantity"": ""NA""}, {""Description"": ""Microsoft Exchange Server 2003 Standard Edition"", ""Type"": ""software"", ""Unit"": ""NA"", ""Quantity"": ""NA""}, {""Description"": ""Microsoft SQL Server 2000 Enterprise Edition"", ""Type"": ""software"", ""Unit"": ""NA"", ""Quantity"": ""NA""}, {""Description"": ""Microsoft Office 2003 Professional Edition"", ""Type"": ""software"", ""Unit"": ""NA"", ""Quantity"": ""NA""}, {""Description"": ""Microsoft Office SharePoint Portal Server 2003"", ""Type"": ""software"", ""Unit"": ""NA"", ""Quantity"": ""NA""}, {""Description"": ""WinZip 9.0 SR-1 (Evaluation Version)"", ""Type"": ""software"", ""Unit"": ""NA"", ""Quantity"": ""NA""}, {""Description"": ""Adobe Acrobat Reader 7.0"", ""Type"": ""software"", ""Unit"": ""NA"", ""Quantity"": ""NA""}, {""Description"": ""Symantec Antivirus 9.0"", ""Type"": ""software"", ""Unit"": ""NA"", ""Quantity"": ""NA""}, {""Description"": ""VERITAS Enterprise Vault 6.0"", ""Type"": ""software"", ""Unit"": ""NA"", ""Quantity"": ""NA""}, {""Description"": ""VERITAS Enterprise Vault Compliance Accelerator Version 5.1 SP3"", ""Type"": ""software"", ""Unit"": ""NA"", ""Quantity"": ""NA""}, {""Description"": ""VERITAS Enterprise Vault Discovery Accelerator Version 5.0 CP2"", ""Type"": ""software"", ""Unit"": ""NA"", ""Quantity"": ""NA""}, {""Description"": ""IBM Lotus Notes (client) and Domino 7 (server)"", ""Type"": ""software"", ""Unit"": ""NA"", ""Quantity"": ""NA""}]",one (1) year,"[{""Description"": ""Microsoft Windows Server 2003 Enterprise Edition"", ""Type of license"": ""Evaluation""}, {""Description"": ""Microsoft Exchange Server 2003 Standard Edition"", ""Type of license"": ""Evaluation""}, {""Description"": ""Microsoft SQL Server 2000 Enterprise Edition"", ""Type of license"": ""Evaluation""}, {""Description"": ""Microsoft Office 2003 Professional Edition"", ""Type of license"": ""Evaluation""}, {""Description"": ""Microsoft Office SharePoint Portal Server 2003"", ""Type of license"": ""Evaluation""}, {""Description"": ""WinZip 9.0 SR-1 (Evaluation Version)"", ""Type of license"": ""Evaluation""}, {""Description"": ""Adobe Acrobat Reader 7.0"", ""Type of license"": ""Evaluation""}, {""Description"": ""Symantec Antivirus 9.0"", ""Type of license"": ""Evaluation""}, {""Description"": ""VERITAS Enterprise Vault 6.0"", ""Type of license"": ""Evaluation""}, {""Description"": ""VERITAS Enterprise Vault Compliance Accelerator Version 5.1 SP3"", ""Type of license"": ""Evaluation""}, {""Description"": ""VERITAS Enterprise Vault Discovery Accelerator Version 5.0 CP2"", ""Type of license"": ""Evaluation""}, {""Description"": ""IBM Lotus Notes (client) and Domino 7 (server)"", ""Type of license"": ""Evaluation""}]","[{""Deliverable"": ""Loaned Equipment"", ""Description"": ""Symantec provides the Loaned Equipment to the Bailee for use solely in connection with the specified Purpose. The Bailee is responsible for installation, operation, and maintenance of the equipment at the Designated Site, as well as ensuring compliance with specifications, documentation, and operational manuals.""}, {""Deliverable"": ""Loaned Software"", ""Description"": ""Symantec grants a non-transferable, nonexclusive, royalty-free limited license to the Bailee to use the Loaned Software in machine-readable form on the Loaned Equipment at the Designated Site. The software is pre-installed and configured on the Loaned Hardware, and no installation media or license keys are provided.""}, {""Deliverable"": ""Software Updates"", ""Description"": ""Symantec provides updates to the demo image via CD or DVD in a timely manner after approval for distribution. These updates are typically aligned with updates provided to Enterprise Vault specialist system engineers.""}, {""Deliverable"": ""Maintenance Support"", ""Description"": ""Symantec may perform maintenance on the Evaluation Products, and the Bailee is required to cooperate by providing prompt access to the products and following Symantec's directions regarding maintenance, transfer, or disposal.""}, {""Deliverable"": ""Purpose-Specific Use"", ""Description"": ""The Bailee is authorized to use the Loaned Equipment and Software solely to demonstrate functionality in a typical Windows networking environment to prospective customers on behalf of Symantec. No other usage or duplication is permitted.""}]","[{""Name"": ""Loaned Equipment and Software"", ""Variable consideration"": ""Not mentioned""}]",[],,,,"The document you provided is an Equipment Loan & Software License Agreement between Symantec Corporation and IntelliSearch AS. It outlines the terms under which Symantec loans equipment and software to IntelliSearch, including usage restrictions, responsibilities for maintenance and damage, ownership rights, and termination conditions.

Key points include:

1. **Use of Equipment**: The loaned equipment and software must be used solely for the purposes defined in the agreement, specifically to demonstrate functionality in a typical Windows networking environment to prospective customers.

2. **Ownership**: Title and ownership rights to the loaned equipment remain with Symantec, and the Bailee (IntelliSearch) must not establish any other security interest in the equipment.

3. **Term and Termination**: The agreement is effective for a period not exceeding one year and can be terminated by either party with written notice. Upon termination, the Bailee must return the equipment within five calendar days.

4. **Risk of Loss**: The Bailee is responsible for the equipment from delivery until it is returned, and must reimburse Symantec for any damage beyond normal wear and tear.

5. **Software License**: Symantec grants a non-transferable, nonexclusive, royalty-free limited license to use the loaned software on the loaned equipment during the term of the agreement.

6. **Warranties and Liability**: The evaluation products are provided ""as is,"" with no warranties from Symantec regarding their performance or suitability.

If you have specific questions about any section or need further details, feel free to ask!",,,"The document does not provide any specific information about modifications or amendments to the contract. However, it does state in Section 8.1 that ""No modification to this Agreement will be binding, unless in writing and signed by an authorized representative of each party."" This implies that any changes to the contract must be documented in writing and signed by both parties to be valid.

If there were any modifications or amendments, they are not included in the provided text.",,3/12/2008,"[
  {
    ""Contract Effective Date"": ""2008-03-12"",
    ""Contract Signing Date"": ""2008-02-14""
  }
]","The agreement does not include any specific renewal details. It states that the agreement remains in force for a period not to exceed one (1) year from the Effective Date unless terminated earlier, and there is no mention of automatic renewal or renewal terms."
6,Blizzard_Entertainment_Inc_-_Renewal_2023_-_Oct11.2023.docx.pdf_0,,"Blizzard Entertainment, Inc.","[{""Description"": ""Conversational Cloud Tools & Usage"", ""Type"": ""Service"", ""Unit"": ""Quarterly Fee"", ""Quantity"": ""NA"", ""Billing Frequency"": ""Quarterly"", ""Price"": 37500.0, ""Currency"": ""USD""}, {""Description"": ""Overage Fee for Additional Engagement Credits"", ""Type"": ""Service"", ""Unit"": ""Per Additional Engagement Credit"", ""Quantity"": ""NA"", ""Billing Frequency"": ""NA"", ""Price"": 0.66, ""Currency"": ""USD""}, {""Description"": ""Expert Services - Enhanced Support Package 2.0 (Bronze)"", ""Type"": ""Service"", ""Unit"": ""Quarterly Fee"", ""Quantity"": ""NA"", ""Billing Frequency"": ""Quarterly"", ""Price"": 15000.0, ""Currency"": ""USD""}, {""Description"": ""Customer Success Offering - Foundations (up to 100 hours during Subscription Term)"", ""Type"": ""Service"", ""Unit"": ""Quarterly Fee"", ""Quantity"": ""NA"", ""Billing Frequency"": ""Quarterly"", ""Price"": 3750.0, ""Currency"": ""USD""}, {""Description"": ""Vanity URL Hosting (livechat.battle.net)"", ""Type"": ""Service"", ""Unit"": ""Quarterly Fee"", ""Quantity"": ""NA"", ""Billing Frequency"": ""Quarterly"", ""Price"": 1500.0, ""Currency"": ""USD""}]","[{""Description"": ""Conversational Cloud Tools & Usage"", ""Type"": ""Service"", ""Unit"": ""Quarterly Fee"", ""Quantity"": ""NA""}, {""Description"": ""Overage Fee for Additional Engagement Credits"", ""Type"": ""Service"", ""Unit"": ""Per Additional Engagement Credit"", ""Quantity"": ""NA""}, {""Description"": ""Expert Services - Enhanced Support Package 2.0 (Bronze)"", ""Type"": ""Service"", ""Unit"": ""Quarterly Fee"", ""Quantity"": ""NA""}, {""Description"": ""Customer Success Offering - Foundations (up to 100 hours during Subscription Term)"", ""Type"": ""Service"", ""Unit"": ""Quarterly Fee"", ""Quantity"": ""NA""}, {""Description"": ""Vanity URL Hosting (livechat.battle.net)"", ""Type"": ""Service"", ""Unit"": ""Quarterly Fee"", ""Quantity"": ""NA""}]",12 Months,"[{""Description"": ""Conversational Cloud Tools & Usage (300,000 Annual Engagement Credits)"", ""Type of license"": ""Subscription""}, {""Description"": ""Overage Fee for Additional Engagement Credits"", ""Type of license"": ""Subscription""}, {""Description"": ""Enhanced Support Package 2.0 - Bronze with SLA"", ""Type of license"": ""Support""}, {""Description"": ""Silver Support Package"", ""Type of license"": ""Support""}, {""Description"": ""Customer Success Offering - Foundations (up to 100 hours during Subscription Term)"", ""Type of license"": ""Support""}, {""Description"": ""Vanity URL Hosting (livechat.battle.net)"", ""Type of license"": ""Subscription""}]","[{""Deliverable"": ""Conversational Cloud Tools & Usage"", ""Description"": ""Provide access to Conversational Cloud technology, including 300,000 annual engagement credits. Additional credits are charged at $0.66 per credit. Minimum recurring quarterly fee applies.""}, {""Deliverable"": ""Enhanced Support Package 2.0 - Bronze"", ""Description"": ""Provide enhanced support services with a Service Level Agreement (SLA) for improved response times and technical expertise.""}, {""Deliverable"": ""Silver Support Package"", ""Description"": ""Offer a higher tier of support services with additional SLA benefits.""}, {""Deliverable"": ""Customer Success Offering - Foundations"", ""Description"": ""Provide up to 100 hours of customer success services during the subscription term, including business consulting, performance management, onboarding, and operational consulting.""}, {""Deliverable"": ""Vanity URL Hosting"", ""Description"": ""Host a custom vanity URL (e.g., livechat.battle.net) for the customer.""}, {""Deliverable"": ""Intent Manager"", ""Description"": ""Provide access to Intent Manager configured with LivePerson's Natural Language Understanding (NLU) in English, hosted on AWS for technical configuration.""}, {""Deliverable"": ""API Monitoring"", ""Description"": ""Monitor API call levels to ensure adherence to limits of 50 requests per second and 500,000 daily calls.""}, {""Deliverable"": ""Customer Success Management"", ""Description"": ""Deliver business and product consulting services, including account maintenance, performance reviews, and strategic planning.""}, {""Deliverable"": ""Operational Consulting"", ""Description"": ""Provide consulting services such as agent effectiveness analysis, missed opportunity analysis, and operational diagnostics.""}, {""Deliverable"": ""Solutions Engineering"", ""Description"": ""Assist with visitor segmentation, CRM integration, reporting customization, and plugin/taglet creation.""}, {""Deliverable"": ""Customer Rights and Options"", ""Description"": ""Allow customers to graduate to higher committed volumes during the term, with changes effective the following month upon execution of a change order.""}]","[{""Name"": ""Conversational Cloud Tools & Usage"", ""Variable consideration"": ""Overage Fee of $0.66 per additional Engagement Credit exceeding 300,000 Annual Engagement Credits.""}, {""Name"": ""Enhanced Support Package 2.0 - Bronze"", ""Variable consideration"": ""Not mentioned""}, {""Name"": ""Silver Support Package"", ""Variable consideration"": ""Not mentioned""}, {""Name"": ""Customer Success Offering - Foundations"", ""Variable consideration"": ""Additional work beyond 100 hours during the subscription term will be charged at LivePerson's current rate as mutually agreed.""}, {""Name"": ""Vanity URL Hosting (livechat.battle.net)"", ""Variable consideration"": ""Not mentioned""}, {""Name"": ""General Services"", ""Variable consideration"": ""Customer agrees to a 5% price increase upon renewal for annualized software and services fees.""}, {""Name"": ""SLA Credits"", ""Variable consideration"": ""Eligible if requested within six months after Downtime occurred or before the commencement of a renewal term.""}, {""Name"": ""Expansion Pack Hours"", ""Variable consideration"": ""Additional hours available at LivePerson's current rates upon renewal of the CSO package.""}]","[{""Amount"": ""$37,500.00"", ""For"": ""Minimum Recurring Conversational Cloud Technology Quarterly Fee"", ""Due Date"": ""Quarterly"", ""Payment Method"": ""Invoice"", ""Payment Type"": ""Recurring fees billed in advance, time-based"", ""Billing frequency"": ""Quarterly"", ""Payment Terms"": ""Net 30"", ""Purchase Order Requirement"": ""Yes"", ""Details"": ""Includes 300,000 Annual Engagement Credits. Overage Fee: $0.66 per additional Engagement Credit.""}, {""Amount"": ""$15,000.00"", ""For"": ""Enhanced Support Package 2.0 - Bronze with Enhanced Support SLA of the Silver Support Package"", ""Due Date"": ""Quarterly"", ""Payment Method"": ""Invoice"", ""Payment Type"": ""Recurring fees billed in advance, time-based"", ""Billing frequency"": ""Quarterly"", ""Payment Terms"": ""Net 30"", ""Purchase Order Requirement"": ""Yes"", ""Details"": ""Part of the Value Added Services.""}, {""Amount"": ""$3,750.00"", ""For"": ""Customer Success Offering - Foundations (up to 100 hours during Subscription Term)"", ""Due Date"": ""Quarterly"", ""Payment Method"": ""Invoice"", ""Payment Type"": ""Recurring fees billed in advance, time-based"", ""Billing frequency"": ""Quarterly"", ""Payment Terms"": ""Net 30"", ""Purchase Order Requirement"": ""Yes"", ""Details"": ""Part of the Value Added Services.""}, {""Amount"": ""$1,500.00"", ""For"": ""Vanity URL Hosting (livechat.battle.net)"", ""Due Date"": ""Quarterly"", ""Payment Method"": ""Invoice"", ""Payment Type"": ""Recurring fees billed in advance, time-based"", ""Billing frequency"": ""Quarterly"", ""Payment Terms"": ""Net 30"", ""Purchase Order Requirement"": ""Yes"", ""Details"": ""Part of the Value Added Services.""}, {""Amount"": ""$57,750.00"", ""For"": ""Quarterly Total (Technology and Value Added Services)"", ""Due Date"": ""Quarterly"", ""Payment Method"": ""Invoice"", ""Payment Type"": ""Recurring fees billed in advance, time-based"", ""Billing frequency"": ""Quarterly"", ""Payment Terms"": ""Net 30"", ""Purchase Order Requirement"": ""Yes"", ""Details"": ""Total of all recurring fees for Technology and Value Added Services.""}]",,1-Nov-23,,"The document outlines the pricing structure and services provided by LivePerson to Blizzard Entertainment, Inc. under a Statement of Work (SOW) dated November 1, 2023. Key points include:

1. **Technology Fees**: 
   - A minimum quarterly fee of $37,500 for Conversational Cloud Tools, which includes 300,000 Annual Engagement Credits. 
   - An overage fee of $0.66 per additional Engagement Credit beyond the base amount.

2. **Value Added Services**: 
   - Expert Services total a quarterly fee of $17,750, which includes:
     - Enhanced Support Package 2.0 - Bronze: $15,000
     - Customer Success Offering - Foundations (up to 100 hours): $3,750
     - Vanity URL Hosting: $1,500

3. **Total Quarterly Fee**: The total recurring fee for the services is $57,750.

4. **Contractual Terms**: 
   - The SOW is governed by a Master Services Agreement dated September 28, 2012.
   - The subscription term starts on the effective date and continues until the end of the month of the subscription term.
   - A five percent price increase is agreed upon for renewal of services.

5. **Customer Success Offerings**: 
   - These offerings include various consulting and support services aimed at maximizing the value of LivePerson's solutions for Blizzard.

6. **Invoicing and Payment**: 
   - Recurring fees are invoiced in advance, while one-time fees are invoiced upfront. Overage fees are billed monthly in arrears.

This summary captures the essential financial and service-related details from the document.","$57,750.00 ",Quarterly,"The document does not explicitly mention any contract modifications or amendments. However, it does outline the terms of the 2023 Statement of Work (SOW) effective November 1, 2023, under the Master Services Agreement dated September 28, 2012. 

Key points related to potential changes include:
1. **Graduation to Higher Committed Volume**: Customers have the option to graduate to a higher committed volume during the term, effective the first day of the following month after executing a change order or similar document.
2. **Price Increase Upon Renewal**: A 5% price increase applies upon renewal for annualized software and service fees.
3. **Expansion Pack Hours**: Additional hours for expansion activities can be purchased upon renewal of the Customer Success Offerings (CSO) package.

These provisions suggest mechanisms for adjusting the scope or pricing of the agreement, but no specific amendments or modifications are detailed in the document. Under ASC 606, these changes would need to be evaluated to determine if they constitute a separate contract or an adjustment to the existing contract.",,28-Sep-12,"[
  {
    ""Contract Effective Date"": ""November 1, 2023"",
    ""Contract Signing Date"": ""October 13, 2023""
  }
]","The document specifies that the subscription term for the 2023 Statement of Work (SOW) started on November 1, 2023, and was set for 12 months, with no auto-renewal. Renewal terms, if any, were to be agreed upon at least 30 days prior to the expiration of the subscription term. There is no explicit mention of renewal details in the provided text."
7,Brown_University_-_Tenfold_Order_Form_02-24-2023.docx (1).pdf_0,,Brown University,"[{""Description"": ""Tenfold Platform Users - Essential License"", ""Type"": ""Product"", ""Unit"": ""License"", ""Quantity"": 15, ""Billing Frequency"": ""Annual"", ""Price"": 20.0, ""Currency"": ""USD""}, {""Description"": ""Tenfold Essential Support"", ""Type"": ""Service"", ""Unit"": ""NA"", ""Quantity"": ""NA"", ""Billing Frequency"": ""Annual"", ""Price"": 0.0, ""Currency"": ""USD""}]","[{""Description"": ""Tenfold Platform Users - Essential License"", ""Type"": ""Product"", ""Unit"": ""License"", ""Quantity"": 15}, {""Description"": ""Tenfold Essential Support"", ""Type"": ""Service"", ""Unit"": ""NA"", ""Quantity"": ""NA""}]",12 Months,"[{""Description"": ""Tenfold Platform Users - 15 Essential Licenses"", ""Type of license"": ""Subscription""}, {""Description"": ""Tenfold Essential Support"", ""Type of license"": ""Support""}, {""Description"": ""Tenfold Advanced License"", ""Type of license"": ""Subscription""}, {""Description"": ""Tenfold Sandbox License"", ""Type of license"": ""Subscription""}, {""Description"": ""Tenfold HVS License"", ""Type of license"": ""Subscription""}, {""Description"": ""Tenfold Premium Support"", ""Type of license"": ""Support""}]","[{""Deliverable"": ""Tenfold Essential License"", ""Description"": ""Provides access to the Tenfold platform for 15 named users, allowing them to use the platform's core functionalities through one log-in ID and password per agent.""}, {""Deliverable"": ""Tenfold Advanced License"", ""Description"": ""Full-featured CTI license including CRM integration, voice system integration, click-to-dial, automatic logging of call data in CRM, customer info screen-pops, note capturing, call dispositions, next steps, and low-code automation engine for rules-based workflows.""}, {""Deliverable"": ""Tenfold Sandbox License"", ""Description"": ""A sandbox version of the Advanced License for testing services and configurations.""}, {""Deliverable"": ""Tenfold HVS License"", ""Description"": ""High-velocity sales add-on license requiring all users to have a relevant Salesforce HVS license. Enables integration with Salesforce HVS cadencing process as part of the embedded workflow.""}, {""Deliverable"": ""Tenfold Essential Support"", ""Description"": ""Entry-level support limited to US business hours (7am - 7pm ET).""}, {""Deliverable"": ""Tenfold Premium Support"", ""Description"": ""Premium support providing access to a 24x7x365 support team.""}]","[{""Name"": ""Tenfold Platform Users"", ""Variable consideration"": ""Not mentioned""}, {""Name"": ""Tenfold Essential Support"", ""Variable consideration"": ""Not mentioned""}, {""Name"": ""Tenfold Advanced License"", ""Variable consideration"": ""Not mentioned""}, {""Name"": ""Tenfold Sandbox License"", ""Variable consideration"": ""Not mentioned""}, {""Name"": ""Tenfold HVS License"", ""Variable consideration"": ""Not mentioned""}, {""Name"": ""Tenfold Premium Support"", ""Variable consideration"": ""Not mentioned""}]","[{""Amount"": ""$3,600"", ""For"": ""15 Essential Licenses - Tenfold Platform Users"", ""Due Date"": ""Upon signature"", ""Payment Method"": ""Wire/ACH"", ""Payment Type"": ""Recurring fees billed in advance, time-based"", ""Billing frequency"": ""Annual"", ""Payment Terms"": ""Net 30"", ""Purchase Order Requirement"": ""Yes"", ""Details"": ""Customer will be invoiced for all recurring fees in advance, from the Effective Date in accordance with the Billing Period.""}, {""Amount"": ""$0"", ""For"": ""Tenfold Essential Support - Expert Services"", ""Due Date"": ""Upon signature"", ""Payment Method"": """", ""Payment Type"": ""Recurring fees billed in advance, time-based"", ""Billing frequency"": ""Annual"", ""Payment Terms"": ""Net 30"", ""Purchase Order Requirement"": ""Yes"", ""Details"": ""Support is limited to US only business hours (7am - 7pm ET).""}]","USD $3,600",25-Nov-22,,"The document outlines an order form for Brown University to purchase services from Tenfold. The fair value of the services is represented by the annual fees for the licenses and support. Specifically, the document states:

- **Annual Fee for 15 Essential Licenses**: $20.00 per license, totaling **$3,600**.
- **Expert Services Annual Fee**: $0 for both Tenfold Essential Support and Expert Services.

The total annual fees amount to **USD $3,600**. The document also mentions that if the standalone selling price (SSP) is not directly observable, an estimated SSP may be used, which could involve cost-plus or market assessment methods. This SSP is relevant for allocating the total contract price among performance obligations.","$3,600 ",Annual,"The document does not provide any information on contract modifications or amendments. It only outlines the original terms of the agreement, including the effective date, subscription term, auto-renewal details, and pricing. There is no mention of any changes in contract terms, such as scope increase, price change, or termination.",,null,"[{
  ""Contract Effective Date"": ""November 25, 2022"",
  ""Contract Signing Date"": ""March 1, 2023""
}]","The renewal details mentioned in the document are as follows:

- The Subscription Term of the Order Form will start on the Effective Date (November 25, 2022) and continue through the Subscription Term set forth above (12 months + any renewals).
- The Order Form shall renew for the same period as the initial Subscription Term unless either party provides written notice to the other party at least ninety (90) days prior to the expiration of the current term.
- Customer must send such notice to cancellations-lp@liveperson.com."
